id,first_name,last_name,email,password
18d2e255-b32d-4373-81bc-98ccd6bfea40,Val,McEwen,vmcewen0@yahoo.co.jp,KaWdKqoO1R
35a763cb-4e16-41ec-bd8e-79d9516d788e,Bartholomew,Rolston,brolston1@nationalgeographic.com,zQR5MN
55b34f9b-a4c9-49e0-8066-6b5932997797,Lydia,Wipfler,lwipfler2@wp.com,PZxvdQDRZz
93f3bc8f-066a-4fb4-b9eb-da6ed08cdabd,Kelci,Emanuel,kemanuel3@nyu.edu,K3eslcvHQgFm
316446be-da6c-4271-a763-08941ab09029,Guglielma,Gianulli,ggianulli4@mapy.cz,SLRYnxm9pnD
fb885450-4576-478b-bdd2-498c3681837c,Nobe,Wrotham,nwrotham5@economist.com,EcgZtwH9MSRi
6135f59a-e51e-45fa-862e-e1bab1bab0d3,Robin,Jinkins,rjinkins6@wikimedia.org,ybgwCd7LJ3
9619d162-9803-4870-9f8a-61a964497e73,Waverley,Gloyens,wgloyens7@ftc.gov,gufnTlygX2
c302398c-fa1e-443d-90b5-b2747d698929,Lurette,Szimon,lszimon8@ameblo.jp,47HShg359
ddd01225-8d7a-4253-8362-bbc20e6f2bee,Nobie,Stolle,nstolle9@shareasale.com,72yFk24
e39b1e93-c74b-431a-9462-02d610412d75,Nealson,Beharrell,nbeharrella@japanpost.jp,ubs3Hp
1b9ef93c-cb57-4df5-b292-b40337cfca9c,Dewie,Hardington,dhardingtonb@ucsd.edu,tFrZVi6y
bdeae866-f91c-4e0f-9420-9b73defcdc55,Brod,Pee,bpeec@google.it,QrEdIdOf
29d0d107-a758-433a-bfc9-bb09fb57b78d,Conway,Spalls,cspallsd@cdbaby.com,kOkX9Ms
55a14a03-4431-4c7c-8f60-e3b17a74326e,Bank,Halms,bhalmse@symantec.com,ZUudr3WKg
0cad532d-e330-4a7a-9593-4da40cc6b2e5,Kylynn,Wewell,kwewellf@virginia.edu,zkPJGPpoDl
a3823c11-4788-4d6b-9d8c-d9dac839824b,Broddy,Graybeal,bgraybealg@flickr.com,50TnvcY
566e05b6-25dd-40aa-8d23-e03010863bd0,Birgit,McCandie,bmccandieh@cnet.com,xX5gadFeWY1
61bf960a-4445-45b1-96a9-1607494331fa,Coralie,Crumb,ccrumbi@csmonitor.com,8Vk8xAekp
7e52ecb3-597d-4ef6-9764-77bac8a909ec,Fedora,Alleway,fallewayj@sfgate.com,k1kQmqq1D0
c2a32b5d-2951-4db8-925b-b046fb9677a4,Rozanne,Ciciotti,rciciottik@mysql.com,8bICWJvh
03274c39-ab3f-4b9e-bc1c-512896b41749,Zonnya,Hawk,zhawkl@berkeley.edu,wTyuOALo6gGU
d525c1d0-1abe-486f-8761-22aedee35802,Madelon,Deackes,mdeackesm@nasa.gov,hnnX84xF
f73374a6-9ae0-4407-a6e5-e22fb301f713,Tabor,Checchetelli,tchecchetellin@unc.edu,MhzD0BK
29cd0320-c2c7-480a-b63a-0f20a6df74b5,Maximo,Beaman,mbeamano@sakura.ne.jp,bGJloPU
c42aced8-5010-42af-a1f1-c81a0528663f,Bertram,McVeagh,bmcveaghp@wikipedia.org,zmhjNYn8HV
3babbc73-b208-4d08-813f-2bba7e6e9835,Curcio,Marfield,cmarfieldq@ask.com,koPlGJD
874a3e74-41b7-4c2d-8dc2-82b4977f7db2,Dolly,Van Bruggen,dvanbruggenr@diigo.com,sMOPes
7bdb2907-820b-43da-bdb5-ded68f2821c1,Agata,Berni,abernis@huffingtonpost.com,cezj6z6
7077ef15-bb0e-456b-b2f1-58d487d8b1a2,Brewer,Arcase,barcaset@yahoo.co.jp,ufPNtFmwg
078c9dd5-f389-4f35-a82d-2c6f6ee18c55,Adolphus,Pomfret,apomfretu@admin.ch,4YmFid
49dc72cb-8670-4d3a-a7ad-66ebc521d65b,Nyssa,Petett,npetettv@t-online.de,jLoFdFJ6S
8466c616-c452-4af3-91df-7e50680ac8ea,Zane,Creus,zcreusw@reuters.com,sNomWWWLhu
c6f2bc0c-6613-478b-a730-48bac88a5223,Rochelle,Dumbelton,rdumbeltonx@java.com,Gdc8H1MJQE
69635da3-2b62-4b82-a039-216d935a942c,Jaquenetta,Brabben,jbrabbeny@so-net.ne.jp,6upjJwMHP
1007af48-2a80-4503-9d37-c08fd31121df,Mamie,Halmkin,mhalmkinz@toplist.cz,jAwAhdidxsL
f37e9358-c914-43b7-89e2-7042959f87d0,Mureil,Bertelsen,mbertelsen10@chronoengine.com,K3D0TInIFkn
61ca1091-7184-4e9a-af3e-c6504d4a4b1e,Marlowe,Frie,mfrie11@zdnet.com,7ffNfFvc1o
66a7b1f2-8541-4ef8-9e24-261d8c6ecab7,Jane,Lapley,jlapley12@delicious.com,BUCdboyY
d8fc4104-4dfa-4814-a87f-3e496721fe40,Mac,Losebie,mlosebie13@disqus.com,7fDonbi6
845bbfa3-9df2-4c9b-a7a2-3d182892e4e8,Phylys,Lunck,plunck14@is.gd,MzgMzFA
524f4b94-2129-4936-a064-5a5a397dd16c,Farleigh,Tather,ftather15@ezinearticles.com,38cMPs09a6xX
43bc4569-aff9-4114-8fa0-72d91f63dd7a,Vida,Vallack,vvallack16@plala.or.jp,Nz9X8aFYM
c62c0162-0dd0-4c76-ab8e-4985368d96f2,Ingeberg,Tathacott,itathacott17@statcounter.com,WRGyAK4fX
8c2e883e-f779-41a2-a78d-b6ae99f34962,Liam,Chubb,lchubb18@smh.com.au,0t7IfKch
099dab12-fc78-47dc-bd7d-e9c79ecf1357,Ninon,Boxer,nboxer19@auda.org.au,4a8foFighPwA
3465ca63-5bb5-4281-80cf-27aa009386b3,Erena,Earie,eearie1a@w3.org,DUKa1nw
1f5e61a5-5e10-4898-b749-35c0ddca47a9,Kerby,Montier,kmontier1b@cornell.edu,LjZPFIWc
c539a49d-aed5-42b6-b16a-2522439a63f9,Hewet,Postan,hpostan1c@angelfire.com,LwAVMh4
b1fea507-8bd6-4e22-874a-198f5ebbb71e,Wallace,Gidley,wgidley1d@seesaa.net,FsZbzi
5e2de7fc-58ad-40f4-9733-4cf69ab3e07b,Herminia,Ruckhard,hruckhard1e@xinhuanet.com,yl5jK9S1
474b57a1-3cb7-4686-94a6-d4f842028f3a,Martainn,Halksworth,mhalksworth1f@addthis.com,BXYWItv
78566a3b-0c9e-466f-a0b3-b14b24b10067,Irina,Bailes,ibailes1g@mlb.com,s8MV22
8179c891-f55d-49d1-ae8c-84e7dc53fc91,Marcella,Caplin,mcaplin1h@lulu.com,FGpz2v5u
52f333d5-99c1-4849-841f-6af049467886,Ruddie,Paddle,rpaddle1i@foxnews.com,X1dfJBJydn
75907fd6-05da-4a2c-b98d-e3317d475964,Maressa,Dimitresco,mdimitresco1j@t-online.de,i7EQ8MhqGH
bd205cf1-56a1-4ca6-bc33-49723a73a16d,Arlene,Richardson,arichardson1k@shareasale.com,JZmNfLL
05569758-2c64-4cf8-8d5b-362ab18fbbf5,Loralyn,Moorcroft,lmoorcroft1l@oaic.gov.au,1CG3cuYjmQ
5d42da53-4f9d-41b4-8a0a-bd73c69aa455,Orrin,Purrington,opurrington1m@skyrock.com,w14nvolbxy
e0afe3ef-b8c8-45ae-81e6-a6e2356de4b1,Arlyn,Wilse,awilse1n@examiner.com,fSsHmvdckv
7abcbe40-4849-48d6-a73b-2be490d189ed,Dorree,Danat,ddanat1o@bloomberg.com,PN1EBQTZaWf9
9b97f275-b7cb-4e7d-86ad-3f1cf1e999d6,Maisey,Ainscough,mainscough1p@last.fm,72sFTh6dCNPI
8c07ffbd-8438-4502-9dbe-acb7e13cb035,Nicolais,Phillpotts,nphillpotts1q@dailymail.co.uk,BoDC32mgZAXV
c78bc972-9335-4e5c-bf2d-c15b6bb915ed,Dana,Bramelt,dbramelt1r@theglobeandmail.com,Y68lVhoL
02d77681-85c4-46dd-9d39-769df68e90ec,Erena,Smallpeice,esmallpeice1s@amazon.co.jp,LOKJWEFv
22d54a77-6870-4187-8b66-83c245555726,Faun,Burges,fburges1t@scribd.com,p3fFa1
7259d3e3-5686-4cd5-b0d1-024e716af26f,Casper,Burnup,cburnup1u@loc.gov,UyjjHlaVLv
0a1c2e4b-55b6-43c8-92f5-0feb397d6131,Mill,O'Leary,moleary1v@redcross.org,MHVPAl8
3604befd-84b2-4380-a716-36b427c17018,Aurlie,Drewett,adrewett1w@bbb.org,tmC2ttrSS
36b641a1-a200-4673-a1a0-39e215bd3d20,Anthea,Jancy,ajancy1x@hao123.com,eOaCVWomX5
6e882272-9493-4bf1-9444-f981fd8140ac,Cristiano,Brice,cbrice1y@utexas.edu,G6J1P6
080bc4b9-1c14-4671-9969-a66fcd4bfe16,Rosabella,Spilling,rspilling1z@artisteer.com,8k6Hw5B5C50P
e8577c63-240f-4f61-8505-63e376f29260,Wanda,De Dantesie,wdedantesie20@columbia.edu,kPojNLRvJMu
0cfe1ca6-01ab-4dcd-abcb-75f801981b57,Rowe,Gasker,rgasker21@answers.com,k8RcS8StVev
59189fce-7ed9-42af-9d9a-263fdc29a8b9,Clevie,Edwins,cedwins22@hugedomains.com,ooQlNHj7Z5A
71956d74-2a4d-48a1-b578-750ea1d90a9f,Min,Yosevitz,myosevitz23@trellian.com,wb3sMZdWfOJ
e226ffe7-c02e-4448-b68c-6233e22be238,Alicea,Haglington,ahaglington24@devhub.com,HtwdPhlnfuA
92ecf043-9302-47ab-bcc2-be67347de23d,Rochette,Dooman,rdooman25@blinklist.com,LVgrDlliosuE
5477cd59-2923-4a9b-81ef-b7b0276b0737,Suzie,Schutt,sschutt26@twitpic.com,vOAkqk2b3
4064f39c-e92f-464d-b816-12ab55d75845,Rayshell,Bandey,rbandey27@canalblog.com,Lz1M9Jo5
c73c2866-6750-4fb5-9f93-df61d65465d2,Waylen,Blanche,wblanche28@army.mil,D8UbqX
936df1bf-1ddd-48ee-9028-c8ce9ff4980f,Sollie,Pauletto,spauletto29@ning.com,rvIvRdoVG
67a58d96-7d00-42d0-a9dd-5438fbe13449,Angel,Hain,ahain2a@taobao.com,xXbKvr
130d4744-0540-4e1a-84c4-5eee069fbb75,Joly,Forlonge,jforlonge2b@quantcast.com,pPqBbb
b460c7c2-5f40-4cc8-9d7c-d35c5314cd15,Bat,Michie,bmichie2c@cnn.com,hRpTiK
7483a9bc-df81-4e25-9459-695e00159b5f,Almire,Maior,amaior2d@rakuten.co.jp,knHETfKQ6He
17cb4443-e742-4da0-b2e4-c01cf045a622,Isa,Brient,ibrient2e@cdc.gov,2yoRRMRgAlfo
1ec8c50a-1171-43f9-a57a-a63b4cb9f1e1,Callean,Zoane,czoane2f@360.cn,h9dIUWza
1614162f-911c-4ddf-8d9c-a1eee09287ae,Claiborne,Priditt,cpriditt2g@nhs.uk,P9fb4Q6H
0811e1b4-6a8e-48d3-86d9-5eb10f6a548d,Lucian,Hatfield,lhatfield2h@jalbum.net,7Cvi8IBq3
c0d021b7-df06-4ea3-97a6-60326adddf69,Corbie,Burkman,cburkman2i@epa.gov,LjACWA1g
968c7f71-a834-4010-8845-f2a0ce5fd67f,Gayle,Muriel,gmuriel2j@psu.edu,ZfMWoyUgpu
4a566524-7c2b-4ee0-b304-768fa169f938,Fredelia,Chansonne,fchansonne2k@unicef.org,fFHskI
2f502f04-d67f-4279-8e16-16665fd3057a,Emlynn,Hansmann,ehansmann2l@nbcnews.com,9SHbzQ8w
bdc5fc71-0423-44c9-a8d3-e2db47dd73c3,Angelique,Linney,alinney2m@washington.edu,xoNESZjN5
19fb98e0-363a-4a85-b675-887d51c34437,Monroe,Grissett,mgrissett2n@issuu.com,iDfL5mkCMuTu
2c25af28-ba3e-4ff2-ae31-f9710a50573a,Rebbecca,Carletto,rcarletto2o@123-reg.co.uk,4ytBzc4se
289de7ec-a4d8-45c9-a086-6d45e1fa2a13,Angie,Pritty,apritty2p@timesonline.co.uk,GWzY9Zd
b473f545-429e-4a06-a6a0-fddc819efd55,Shandee,Billes,sbilles2q@people.com.cn,QJAI0Ax9
f4b1352e-a652-4495-9e3e-a4f6a872e2de,Yanaton,Kyston,ykyston2r@home.pl,JGiewzAb